Название;Ссылка;Автор
Баллада о змеях и певчих птицах;https://www.chitai-gorod.ru/catalog/book/1258004/;Коллинз С.
Развод. Как выжить после расставания, а не из ума;https://www.chitai-gorod.ru/catalog/book/1263121/;Краснова Н.
ЮПИ;https://www.chitai-gorod.ru/catalog/book/1260110/;Мистер Сопкин, Полярный А.
Соплячка. Том 3. Взаправду ли это?;https://www.chitai-gorod.ru/catalog/book/1268169/;О'Мэлли Б.
Ольга, девочка из цирка. Том 2;https://www.chitai-gorod.ru/catalog/book/1268578/;Ямамото Л.
Войны Миллигана;https://www.chitai-gorod.ru/catalog/book/1260581/;Киз Д.
Два шпиона в Каракасе. Не совсем выдуманная история про любовь и заговоры в эпоху Уго Чавеса;https://www.chitai-gorod.ru/catalog/book/1270780/;Наим М.
Ковровая вышивка. Простота и элегантность в пошаговых мастер-классах. 20 дизайнов с шаблонами в натуральную величину;https://www.chitai-gorod.ru/catalog/book/1267830/;Куннораж А.
Девушка, которая ушла под лед;https://www.chitai-gorod.ru/catalog/book/1269844/;Миранда М.
Что-то не так в городе Идеал;https://www.chitai-gorod.ru/catalog/book/1270404/;Дагган Х.
Firefly. Машина иллюзий;https://www.chitai-gorod.ru/catalog/book/1266889/;Лавгроув Дж.
Восхождение Героя Щита. Том 12;https://www.chitai-gorod.ru/catalog/book/1271153/;Айя К., Анэко Ю.
Ленивый кулинар. Еда без труда. Круглый год без забот;https://www.chitai-gorod.ru/catalog/book/1269533/;Данчук О., Воронцова Е.
Бдительный Эгути-кун. Том 1;https://www.chitai-gorod.ru/catalog/book/1268581/;Нодзава Ю.
Три вещи, которые нужно знать о ракетах: Дневник девушки книготорговца;https://www.chitai-gorod.ru/catalog/book/1265834/;Фокс Дж.
Ум в движении. Как действие формирует мысль;https://www.chitai-gorod.ru/catalog/book/1269111/;Тверски Б.
Горячая кухня с кавказским акцентом;https://www.chitai-gorod.ru/catalog/book/1260094/;Алиева М.
Беглянка в империи демонов;https://www.chitai-gorod.ru/catalog/book/1266371/;Боталова М.
Американская грязь;https://www.chitai-gorod.ru/catalog/book/1269509/;Камминс Дж.
БеспринцЫпные чтения. Некоторые вещи нужно делать самому;https://www.chitai-gorod.ru/catalog/book/1265061/;Цыпкин А., Маленков А., Снегирев А. и др.
Непобедимое солнце;https://www.chitai-gorod.ru/catalog/book/1260194/;Пелевин В.
Колесо Времени. Книга 3. Дракон Возрожденный;https://www.chitai-gorod.ru/catalog/book/1262600/;Джордан Р.
Хочу и буду: Принять себя, полюбить жизнь и стать счастливым;https://www.chitai-gorod.ru/catalog/book/969636/;Лабковский М.
Мiр и война;https://www.chitai-gorod.ru/catalog/book/1263266/;Акунин Б.
Бегущая с волками: женский архетип в мифах и сказаниях;https://www.chitai-gorod.ru/catalog/book/243095/;Эстес К.
Гравити Фолз. Дневник 3;https://www.chitai-gorod.ru/catalog/book/945251/;"
"
Черный лебедь. Под знаком непредсказуемости;https://www.chitai-gorod.ru/catalog/book/380893/;Талеб Н.
Harry Potter and the Philosopher`s Stone;https://www.chitai-gorod.ru/catalog/book/782306/;Rowling J.
Моя геройская академия 4. Книги 7 и 8;https://www.chitai-gorod.ru/catalog/book/1263718/;Хорикоси К.
Семь навыков высокоэффективных людей. Мощные инструменты развития личности;https://www.chitai-gorod.ru/catalog/book/281289/;Кови С.
Тысяча поцелуев, которые невозможно забыть;https://www.chitai-gorod.ru/catalog/book/998851/;Коул Т.
Sapiens. Краткая история человечества;https://www.chitai-gorod.ru/catalog/book/918585/;Харари Ю.
Стальной Алхимик. Книга 8;https://www.chitai-gorod.ru/catalog/book/1263719/;Аракава Х.
Богатый папа, бедный папа;https://www.chitai-gorod.ru/catalog/book/1054237/;Кийосаки Р.
Собрание птиц;https://www.chitai-gorod.ru/catalog/book/1256759/;Риггз Р.
Разумный инвестор. Полное руководство по стоимостному инвестированию;https://www.chitai-gorod.ru/catalog/book/770532/;Грэм Б.
Тонкое искусство пофигизма: Парадоксальный способ жить счастливо;https://www.chitai-gorod.ru/catalog/book/996578/;Мэнсон М.
Я - женщина. Все о женском здоровье, контрацепции, гормонах и многом другом;https://www.chitai-gorod.ru/catalog/book/1216021/;Белоконь О.
Букварь;https://www.chitai-gorod.ru/catalog/book/352316/;Жукова Н.
Радикальное Прощение;https://www.chitai-gorod.ru/catalog/book/379934/;Типпинг К.
Переплет;https://www.chitai-gorod.ru/catalog/book/1265674/;Коллинз Б.
Хозяйка книжной лавки на площади Трав;https://www.chitai-gorod.ru/catalog/book/1183726/;Кермель Э.
Тринадцатая сказка;https://www.chitai-gorod.ru/catalog/book/293212/;Сеттерфилд Д.
Дневник книготорговца;https://www.chitai-gorod.ru/catalog/book/1050804/;Байтелл Ш.
Книжные странники;https://www.chitai-gorod.ru/catalog/book/968834/;Глейзер М.
Книжный магазинчик счастья;https://www.chitai-gorod.ru/catalog/book/1234103/;Колган Дж.
Три вещи, которые нужно знать о ракетах: Дневник девушки книготорговца;https://www.chitai-gorod.ru/catalog/book/1265834/;Фокс Дж.
Книжная лавка;https://www.chitai-gorod.ru/catalog/book/1015544/;Маклей К.
Книжная жизнь Нины Хилл;https://www.chitai-gorod.ru/catalog/book/1239774/;Ваксман Э.
Во всем виновата книга;https://www.chitai-gorod.ru/catalog/book/1017311/;Перри Э., Дивер Дж., Бокс Ч. Дж. и др.
Икабог;https://www.chitai-gorod.ru/catalog/book/1270745/;Роулинг Дж.К.
Арканум 1. Корабль из прошлого;https://www.chitai-gorod.ru/catalog/book/1270248/;Гаглоев Е.
Королевство;https://www.chitai-gorod.ru/catalog/book/1268339/;Несбе Ю.
Король Воронов;https://www.chitai-gorod.ru/catalog/book/1268338/;Сакавич Н.
Будь инфлюенсером в Инстаграме: как создать свой бренд;https://www.chitai-gorod.ru/catalog/book/1263614/;Зуева Е.
Отель потерянных душ. Книга первая. Госпожа управляющая;https://www.chitai-gorod.ru/catalog/book/1268334/;Завойчинская М.
Машина страха;https://www.chitai-gorod.ru/catalog/book/1268332/;Чиж А.
Fish и не только. Кулинарное путешествие по морям и океанам без виз;https://www.chitai-gorod.ru/catalog/book/1263616/;Малева Е.
Русский язык с Машей Трауб;https://www.chitai-gorod.ru/catalog/book/1270799/;Трауб М., Авакян Э.
Место, где мне хорошо. 7 историй о том, как отправиться в путешествие и остаться в городе своей мечты;https://www.chitai-gorod.ru/catalog/book/1266310/;"
"
Колода предзнаменований;https://www.chitai-gorod.ru/catalog/book/1269523/;Эрман К.
Нейрографика 2. Композиция судьбы;https://www.chitai-gorod.ru/catalog/book/1270763/;Пискарев П.
Звериная симфония;https://www.chitai-gorod.ru/catalog/book/1266305/;Браун Дэн
Ешь искусство;https://www.chitai-gorod.ru/catalog/book/1260096/;Цуканова-Котт А.
Бумажный театр: непроза;https://www.chitai-gorod.ru/catalog/book/1270744/;Улицкая Л.
Веселая психология для детей: дома и в школе;https://www.chitai-gorod.ru/catalog/book/1270774/;Суркова Л.
Брауни-магия. 45 чудо-брауни и десертов, которые вы еще никогда не пробовали;https://www.chitai-gorod.ru/catalog/book/1267467/;Юрьева У.
Палата №6. Хранители тайн;https://www.chitai-gorod.ru/catalog/book/1269514/;"
"
Бизнес-мама и компания с оборотом 500 миллионов в год. Три года. Двое детей. Нулевые инвестиции;https://www.chitai-gorod.ru/catalog/book/1242910/;Новосад Ю.
Как найти идею и начать зарабатывать в Инстаграме и не только;https://www.chitai-gorod.ru/catalog/book/1270769/;Былинина М., Точилина М.
Дата-кабель «Картошка фри», iPhone, 1 м;https://www.chitai-gorod.ru/catalog/souvenir/1202875/;"
"
Держатель для телефона, 12 х 9 см;https://www.chitai-gorod.ru/catalog/souvenir/1233806/;"
"
Держатель для телефона, 11.5 х 7 см;https://www.chitai-gorod.ru/catalog/souvenir/1203115/;"
"
Держатель для телефона «Кот»;https://www.chitai-gorod.ru/catalog/souvenir/1167462/;"
"
Кольцо-держатель для телефона «Корги», 4.5 х 3.5 см;https://www.chitai-gorod.ru/catalog/souvenir/1226414/;"
"
Наушники «Улыбающиеся котики», белые;https://www.chitai-gorod.ru/catalog/souvenir/1239005/;"
"
Наушники с гарнитурой и боксом «Радиоприёмник»;https://www.chitai-gorod.ru/catalog/souvenir/1234306/;"
"
Кольцо-держатель для телефона «Енот с печенькой», 5.5 х 3 см;https://www.chitai-gorod.ru/catalog/souvenir/1226415/;"
"
Мини-вентилятор, IPhone;https://www.chitai-gorod.ru/catalog/souvenir/1028258/;"
"
Кольцо-держатель для телефона «Винсент Ван Гог. Звёздная ночь», 4 х 4 см;https://www.chitai-gorod.ru/catalog/souvenir/1226411/;"
"
Мини-вентилятор, USB Android;https://www.chitai-gorod.ru/catalog/souvenir/1028257/;"
"
Наушники с гарнитурой «Единорог и звёздочка»;https://www.chitai-gorod.ru/catalog/souvenir/1201827/;"
"
Дата-кабель «Кобра», iPhone, 1 м;https://www.chitai-gorod.ru/catalog/souvenir/1202870/;"
"
Держатель для телефона прямоугольный цветной;https://www.chitai-gorod.ru/catalog/souvenir/1072964/;"
"
Дата-кабель «Часы», iPhone, 1м;https://www.chitai-gorod.ru/catalog/souvenir/1202872/;"
"
Кольцо-держатель для телефона «Единорожек», 4.4 х 3.3 см;https://www.chitai-gorod.ru/catalog/souvenir/1226417/;"
"
Наушники «Улыбающиеся котики», розовые;https://www.chitai-gorod.ru/catalog/souvenir/1239003/;"
"
Дата-кабель «Шоколад», iPhone, 1 м;https://www.chitai-gorod.ru/catalog/souvenir/1202873/;"
"
Наушники «Котики с усиками»;https://www.chitai-gorod.ru/catalog/souvenir/1204807/;"
"
Держатель для телефона «V-Stand», 9.8 х 7 см;https://www.chitai-gorod.ru/catalog/souvenir/1205843/;"
"
